q1	q2	t1	t2	delta_g_kcal_per_mol
-	-	-	-	20.0000
-	-	-	A	20.0000
-	-	-	C	20.0000
-	-	-	G	20.0000
-	-	-	N	20.0000
-	-	-	U	20.0000
-	-	A	-	20.0000
-	-	A	A	-0.1500
-	-	A	C	-0.1802
-	-	A	G	-0.1435
-	-	A	N	-0.1003
-	-	A	U	-0.1003
-	-	C	-	20.0000
-	-	C	A	-0.1448
-	-	C	C	-0.1617
-	-	C	G	-0.1855
-	-	C	N	-0.1116
-	-	C	U	-0.1116
-	-	G	-	20.0000
-	-	G	A	-0.1779
-	-	G	C	-0.1994
-	-	G	G	-0.2214
-	-	G	N	-0.1574
-	-	G	U	-0.1574
-	-	N	-	20.0000
-	-	N	A	-0.1448
-	-	N	C	-0.1617
-	-	N	G	-0.1435
-	-	N	N	-0.1003
-	-	N	U	-0.1003
-	-	U	-	20.0000
-	-	U	A	-0.2177
-	-	U	C	-0.2258
-	-	U	G	-0.2504
-	-	U	N	-0.1806
-	-	U	U	-0.1806
-	A	-	-	20.0000
-	A	-	A	20.0000
-	A	-	C	20.0000
-	A	-	G	20.0000
-	A	-	N	20.0000
-	A	-	U	-0.5000
-	A	A	-	20.0000
-	A	A	A	1.3220
-	A	A	C	1.1883
-	A	A	G	1.3896
-	A	A	N	1.3896
-	A	A	U	1.3713
-	A	C	-	20.0000
-	A	C	A	1.4930
-	A	C	C	1.2213
-	A	C	G	1.5413
-	A	C	N	1.5413
-	A	C	U	1.3682
-	A	G	-	20.0000
-	A	G	A	1.4048
-	A	G	C	1.1216
-	A	G	G	1.5028
-	A	G	N	1.5028
-	A	G	U	1.3524
-	A	N	-	20.0000
-	A	N	A	1.4930
-	A	N	C	1.3682
-	A	N	G	1.5413
-	A	N	N	1.5413
-	A	N	U	1.3713
-	A	U	-	20.0000
-	A	U	A	1.3713
-	A	U	C	1.3682
-	A	U	G	1.3524
-	A	U	N	1.3713
-	A	U	U	1.2909
-	C	-	-	20.0000
-	C	-	A	20.0000
-	C	-	C	20.0000
-	C	-	G	-0.8644
-	C	-	N	20.0000
-	C	-	U	20.0000
-	C	A	-	20.0000
-	C	A	A	1.3717
-	C	A	C	1.3309
-	C	A	G	0.9680
-	C	A	N	1.4715
-	C	A	U	1.4715
-	C	C	-	20.0000
-	C	C	A	1.5081
-	C	C	C	1.4886
-	C	C	G	1.0211
-	C	C	N	1.5237
-	C	C	U	1.5237
-	C	G	-	20.0000
-	C	G	A	0.9680
-	C	G	C	1.0211
-	C	G	G	0.9375
-	C	G	N	1.0211
-	C	G	U	0.9424
-	C	N	-	20.0000
-	C	N	A	1.5081
-	C	N	C	1.4886
-	C	N	G	1.0211
-	C	N	N	1.5237
-	C	N	U	1.5237
-	C	U	-	20.0000
-	C	U	A	1.4506
-	C	U	C	1.3493
-	C	U	G	0.9424
-	C	U	N	1.4506
-	C	U	U	1.2672
-	G	-	-	20.0000
-	G	-	A	20.0000
-	G	-	C	-0.8644
-	G	-	G	20.0000
-	G	-	N	20.0000
-	G	-	U	-1.5553
-	G	A	-	20.0000
-	G	A	A	1.3261
-	G	A	C	0.9402
-	G	A	G	1.5100
-	G	A	N	1.5100
-	G	A	U	1.1555
-	G	C	-	20.0000
-	G	C	A	0.9402
-	G	C	C	0.9761
-	G	C	G	0.9797
-	G	C	N	1.0940
-	G	C	U	1.0940
-	G	G	-	20.0000
-	G	G	A	1.2940
-	G	G	C	0.9797
-	G	G	G	0.9663
-	G	G	N	1.2940
-	G	G	U	1.2166
-	G	N	-	20.0000
-	G	N	A	1.3261
-	G	N	C	0.9797
-	G	N	G	1.5100
-	G	N	N	1.5100
-	G	N	U	1.2166
-	G	U	-	20.0000
-	G	U	A	1.1555
-	G	U	C	0.8926
-	G	U	G	1.2166
-	G	U	N	1.2166
-	G	U	U	0.8861
-	N	-	-	20.0000
-	N	-	A	20.0000
-	N	-	C	20.0000
-	N	-	G	20.0000
-	N	-	N	20.0000
-	N	-	U	20.0000
-	N	A	-	20.0000
-	N	A	A	1.3984
-	N	A	C	1.4233
-	N	A	G	1.5100
-	N	A	N	1.5100
-	N	A	U	1.4715
-	N	C	-	20.0000
-	N	C	A	1.5081
-	N	C	C	1.4886
-	N	C	G	1.5413
-	N	C	N	1.5413
-	N	C	U	1.5237
-	N	G	-	20.0000
-	N	G	A	1.4063
-	N	G	C	1.2318
-	N	G	G	1.5028
-	N	G	N	1.5028
-	N	G	U	1.3524
-	N	N	-	20.0000
-	N	N	A	1.5081
-	N	N	C	1.4886
-	N	N	G	1.5413
-	N	N	N	1.5413
-	N	N	U	1.5237
-	N	U	-	20.0000
-	N	U	A	1.4506
-	N	U	C	1.3682
-	N	U	G	1.3524
-	N	U	N	1.4506
-	N	U	U	1.2909
-	U	-	-	20.0000
-	U	-	A	-0.5000
-	U	-	C	20.0000
-	U	-	G	-1.5553
-	U	-	N	20.0000
-	U	-	U	20.0000
-	U	A	-	20.0000
-	U	A	A	1.3984
-	U	A	C	1.4233
-	U	A	G	1.0064
-	U	A	N	1.4233
-	U	A	U	1.3220
-	U	C	-	20.0000
-	U	C	A	1.4233
-	U	C	C	1.2953
-	U	C	G	1.2318
-	U	C	N	1.4233
-	U	C	U	1.3807
-	U	G	-	20.0000
-	U	G	A	1.4063
-	U	G	C	1.2318
-	U	G	G	1.3308
-	U	G	N	1.4063
-	U	G	U	1.2639
-	U	N	-	20.0000
-	U	N	A	1.4233
-	U	N	C	1.4233
-	U	N	G	1.3308
-	U	N	N	1.4233
-	U	N	U	1.3807
-	U	U	-	20.0000
-	U	U	A	1.3220
-	U	U	C	1.2473
-	U	U	G	1.2639
-	U	U	N	1.3220
-	U	U	U	1.2777
A	-	-	-	20.0000
A	-	-	A	20.0000
A	-	-	C	20.0000
A	-	-	G	20.0000
A	-	-	N	20.0000
A	-	-	U	20.0000
A	-	A	-	20.0000
A	-	A	A	1.3220
A	-	A	C	1.4460
A	-	A	G	1.5361
A	-	A	N	1.5361
A	-	A	U	1.3984
A	-	C	-	20.0000
A	-	C	A	1.4930
A	-	C	C	1.4737
A	-	C	G	1.5605
A	-	C	N	1.5605
A	-	C	U	1.4233
A	-	G	-	20.0000
A	-	G	A	1.4048
A	-	G	C	1.3508
A	-	G	G	1.3801
A	-	G	N	1.4063
A	-	G	U	1.4063
A	-	N	-	20.0000
A	-	N	A	1.4930
A	-	N	C	1.4737
A	-	N	G	1.5605
A	-	N	N	1.5605
A	-	N	U	1.5406
A	-	U	-	-0.5000
A	-	U	A	1.3713
A	-	U	C	1.4383
A	-	U	G	1.4889
A	-	U	N	1.5406
A	-	U	U	1.5406
A	A	-	-	-0.1500
A	A	-	A	1.3220
A	A	-	C	1.3717
A	A	-	G	1.3261
A	A	-	N	1.3984
A	A	-	U	1.3984
A	A	A	-	1.3220
A	A	A	A	0.2992
A	A	A	C	0.2114
A	A	A	G	0.3398
A	A	A	N	0.8886
A	A	A	U	0.8886
A	A	C	-	1.3717
A	A	C	A	0.4393
A	A	C	C	0.2972
A	A	C	G	0.4967
A	A	C	N	1.0722
A	A	C	U	1.0722
A	A	G	-	1.3261
A	A	G	A	0.4126
A	A	G	C	0.3048
A	A	G	G	0.4707
A	A	G	N	0.8540
A	A	G	U	0.8540
A	A	N	-	1.3984
A	A	N	A	0.8886
A	A	N	C	1.0722
A	A	N	G	0.8540
A	A	N	N	1.0722
A	A	N	U	1.0722
A	A	U	-	1.3984
A	A	U	A	0.8886
A	A	U	C	1.0722
A	A	U	G	0.8540
A	A	U	N	1.0722
A	A	U	U	-1.7302
A	C	-	-	-0.1448
A	C	-	A	1.4930
A	C	-	C	1.5081
A	C	-	G	0.9402
A	C	-	N	1.5081
A	C	-	U	1.4233
A	C	A	-	1.4930
A	C	A	A	0.4393
A	C	A	C	0.3674
A	C	A	G	-0.1735
A	C	A	N	0.5124
A	C	A	U	0.5124
A	C	C	-	1.5081
A	C	C	A	0.6284
A	C	C	C	0.4591
A	C	C	G	0.1299
A	C	C	N	0.6461
A	C	C	U	0.6461
A	C	G	-	0.9402
A	C	G	A	0.5481
A	C	G	C	0.4668
A	C	G	G	-0.1947
A	C	G	N	0.6338
A	C	G	U	0.6338
A	C	N	-	1.5081
A	C	N	A	0.9533
A	C	N	C	1.1763
A	C	N	G	0.1299
A	C	N	N	1.1763
A	C	N	U	0.8775
A	C	U	-	1.4233
A	C	U	A	0.9533
A	C	U	C	1.1763
A	C	U	G	-2.1827
A	C	U	N	1.1763
A	C	U	U	0.8775
A	G	-	-	-0.1779
A	G	-	A	1.4048
A	G	-	C	0.9680
A	G	-	G	1.2940
A	G	-	N	1.4048
A	G	-	U	1.0064
A	G	A	-	1.4048
A	G	A	A	0.4126
A	G	A	C	0.0826
A	G	A	G	0.5557
A	G	A	N	0.5557
A	G	A	U	0.5473
A	G	C	-	0.9680
A	G	C	A	0.5481
A	G	C	C	0.3329
A	G	C	G	0.7137
A	G	C	N	0.7540
A	G	C	U	0.7540
A	G	G	-	1.2940
A	G	G	A	0.5324
A	G	G	C	-0.0977
A	G	G	G	0.6548
A	G	G	N	0.6548
A	G	G	U	0.4861
A	G	N	-	1.4063
A	G	N	A	0.6585
A	G	N	C	0.3329
A	G	N	G	0.7137
A	G	N	N	0.8010
A	G	N	U	0.8010
A	G	U	-	1.4063
A	G	U	A	0.6585
A	G	U	C	-1.8416
A	G	U	G	0.4269
A	G	U	N	0.8010
A	G	U	U	0.8010
A	N	-	-	-0.1448
A	N	-	A	1.4930
A	N	-	C	1.5081
A	N	-	G	1.3261
A	N	-	N	1.5081
A	N	-	U	1.4233
A	N	A	-	1.4930
A	N	A	A	0.8886
A	N	A	C	0.3674
A	N	A	G	0.5557
A	N	A	N	0.8886
A	N	A	U	0.8886
A	N	C	-	1.5081
A	N	C	A	0.9533
A	N	C	C	0.4591
A	N	C	G	0.7137
A	N	C	N	1.0722
A	N	C	U	1.0722
A	N	G	-	1.3261
A	N	G	A	0.6585
A	N	G	C	0.4668
A	N	G	G	0.6548
A	N	G	N	0.8540
A	N	G	U	0.8540
A	N	N	-	1.5081
A	N	N	A	0.9533
A	N	N	C	1.1763
A	N	N	G	0.8540
A	N	N	N	1.1763
A	N	N	U	1.0722
A	N	U	-	1.4233
A	N	U	A	0.9533
A	N	U	C	1.1763
A	N	U	G	0.8540
A	N	U	N	1.1763
A	N	U	U	0.8775
A	U	-	-	-0.2177
A	U	-	A	1.3713
A	U	-	C	1.4506
A	U	-	G	1.1555
A	U	-	N	1.4506
A	U	-	U	1.3220
A	U	A	-	1.3713
A	U	A	A	0.8886
A	U	A	C	0.2699
A	U	A	G	0.4482
A	U	A	N	0.8886
A	U	A	U	0.4065
A	U	C	-	1.4506
A	U	C	A	0.9533
A	U	C	C	0.3813
A	U	C	G	0.6131
A	U	C	N	0.9533
A	U	C	U	0.5819
A	U	G	-	1.1555
A	U	G	A	0.6585
A	U	G	C	0.3842
A	U	G	G	0.4997
A	U	G	N	0.6585
A	U	G	U	0.4668
A	U	N	-	1.4506
A	U	N	A	0.9533
A	U	N	C	0.6113
A	U	N	G	0.6131
A	U	N	N	0.9533
A	U	N	U	0.5819
A	U	U	-	1.3220
A	U	U	A	-1.4499
A	U	U	C	0.6113
A	U	U	G	0.0570
A	U	U	N	0.6113
A	U	U	U	0.4667
C	-	-	-	20.0000
C	-	-	A	20.0000
C	-	-	C	20.0000
C	-	-	G	20.0000
C	-	-	N	20.0000
C	-	-	U	20.0000
C	-	A	-	20.0000
C	-	A	A	1.3717
C	-	A	C	1.3309
C	-	A	G	0.9402
C	-	A	N	1.3717
C	-	A	U	1.3578
C	-	C	-	20.0000
C	-	C	A	1.5081
C	-	C	C	1.4886
C	-	C	G	0.9761
C	-	C	N	1.5222
C	-	C	U	1.5222
C	-	G	-	-0.8644
C	-	G	A	0.9680
C	-	G	C	1.0211
C	-	G	G	0.9566
C	-	G	N	1.0314
C	-	G	U	1.0314
C	-	N	-	20.0000
C	-	N	A	1.5081
C	-	N	C	1.4886
C	-	N	G	0.9761
C	-	N	N	1.5518
C	-	N	U	1.5518
C	-	U	-	20.0000
C	-	U	A	1.4506
C	-	U	C	1.3493
C	-	U	G	0.8926
C	-	U	N	1.5518
C	-	U	U	1.5518
C	A	-	-	-0.1802
C	A	-	A	1.4460
C	A	-	C	1.3309
C	A	-	G	0.9402
C	A	-	N	1.4460
C	A	-	U	1.4233
C	A	A	-	1.1883
C	A	A	A	0.2114
C	A	A	C	0.1170
C	A	A	G	0.2691
C	A	A	N	0.9533
C	A	A	U	0.9533
C	A	C	-	1.3309
C	A	C	A	0.3674
C	A	C	C	0.2648
C	A	C	G	0.4127
C	A	C	N	1.1763
C	A	C	U	1.1763
C	A	G	-	0.9402
C	A	G	A	0.0826
C	A	G	C	0.1299
C	A	G	G	-0.1947
C	A	G	N	0.1299
C	A	G	U	-2.4808
C	A	N	-	1.4233
C	A	N	A	0.3674
C	A	N	C	0.2648
C	A	N	G	0.4127
C	A	N	N	1.1763
C	A	N	U	1.1763
C	A	U	-	1.4233
C	A	U	A	0.2699
C	A	U	C	0.0931
C	A	U	G	0.2911
C	A	U	N	0.8775
C	A	U	U	0.8775
C	C	-	-	-0.1617
C	C	-	A	1.4737
C	C	-	C	1.4886
C	C	-	G	0.9761
C	C	-	N	1.4886
C	C	-	U	1.2953
C	C	A	-	1.2213
C	C	A	A	0.2972
C	C	A	C	0.2648
C	C	A	G	0.2953
C	C	A	N	0.3638
C	C	A	U	0.3638
C	C	C	-	1.4886
C	C	C	A	0.4591
C	C	C	C	0.4054
C	C	C	G	0.4264
C	C	C	N	0.5588
C	C	C	U	0.5588
C	C	G	-	0.9761
C	C	G	A	0.3329
C	C	G	C	0.4264
C	C	G	G	-2.4742
C	C	G	N	0.4264
C	C	G	U	0.2241
C	C	N	-	1.4886
C	C	N	A	0.4591
C	C	N	C	0.4264
C	C	N	G	0.4264
C	C	N	N	0.5588
C	C	N	U	0.5588
C	C	U	-	1.2953
C	C	U	A	0.3813
C	C	U	C	0.2976
C	C	U	G	0.2241
C	C	U	N	0.4574
C	C	U	U	0.4574
C	G	-	-	-0.1994
C	G	-	A	1.3508
C	G	-	C	1.0211
C	G	-	G	0.9797
C	G	-	N	1.3508
C	G	-	U	1.2318
C	G	A	-	1.1216
C	G	A	A	0.3048
C	G	A	C	0.1299
C	G	A	G	0.4929
C	G	A	N	0.4929
C	G	A	U	0.4800
C	G	C	-	1.0211
C	G	C	A	0.4668
C	G	C	C	0.4264
C	G	C	G	0.5712
C	G	C	N	0.5941
C	G	C	U	0.5941
C	G	G	-	0.9797
C	G	G	A	-0.0977
C	G	G	C	-3.0897
C	G	G	G	-0.5602
C	G	G	N	-0.0977
C	G	G	U	-1.0615
C	G	N	-	1.2318
C	G	N	A	0.4668
C	G	N	C	0.4264
C	G	N	G	0.5712
C	G	N	N	0.5941
C	G	N	U	0.5941
C	G	U	-	1.2318
C	G	U	A	0.3842
C	G	U	C	0.3602
C	G	U	G	0.5552
C	G	U	N	0.5826
C	G	U	U	0.5826
C	N	-	-	-0.1617
C	N	-	A	1.4737
C	N	-	C	1.4886
C	N	-	G	1.0940
C	N	-	N	1.4886
C	N	-	U	1.4233
C	N	A	-	1.3682
C	N	A	A	1.0722
C	N	A	C	0.2648
C	N	A	G	0.4929
C	N	A	N	1.0722
C	N	A	U	0.9533
C	N	C	-	1.4886
C	N	C	A	1.1763
C	N	C	C	0.4264
C	N	C	G	0.5852
C	N	C	N	1.1763
C	N	C	U	1.1763
C	N	G	-	0.9797
C	N	G	A	0.3329
C	N	G	C	0.4264
C	N	G	G	-0.1947
C	N	G	N	0.4264
C	N	G	U	0.2241
C	N	N	-	1.4886
C	N	N	A	1.1763
C	N	N	C	0.4264
C	N	N	G	0.5852
C	N	N	N	1.1763
C	N	N	U	1.1763
C	N	U	-	1.4233
C	N	U	A	0.6113
C	N	U	C	0.3602
C	N	U	G	0.5552
C	N	U	N	0.8775
C	N	U	U	0.8775
C	U	-	-	-0.2258
C	U	-	A	1.4383
C	U	-	C	1.3493
C	U	-	G	1.0940
C	U	-	N	1.4383
C	U	-	U	1.2473
C	U	A	-	1.3682
C	U	A	A	1.0722
C	U	A	C	0.0931
C	U	A	G	0.4874
C	U	A	N	1.0722
C	U	A	U	0.2821
C	U	C	-	1.3493
C	U	C	A	1.1763
C	U	C	C	0.2976
C	U	C	G	0.5852
C	U	C	N	1.1763
C	U	C	U	0.3919
C	U	G	-	0.8926
C	U	G	A	-1.8416
C	U	G	C	0.3602
C	U	G	G	-0.4003
C	U	G	N	0.3602
C	U	G	U	-0.1765
C	U	N	-	1.3682
C	U	N	A	1.1763
C	U	N	C	0.3602
C	U	N	G	0.5852
C	U	N	N	1.1763
C	U	N	U	0.3919
C	U	U	-	1.2473
C	U	U	A	0.6113
C	U	U	C	0.1549
C	U	U	G	0.4473
C	U	U	N	0.6113
C	U	U	U	0.3178
G	-	-	-	20.0000
G	-	-	A	20.0000
G	-	-	C	20.0000
G	-	-	G	20.0000
G	-	-	N	20.0000
G	-	-	U	20.0000
G	-	A	-	20.0000
G	-	A	A	1.3261
G	-	A	C	0.9402
G	-	A	G	1.5100
G	-	A	N	1.5100
G	-	A	U	1.0064
G	-	C	-	-0.8644
G	-	C	A	0.9402
G	-	C	C	0.9761
G	-	C	G	0.9797
G	-	C	N	1.1079
G	-	C	U	1.1079
G	-	G	-	20.0000
G	-	G	A	1.2940
G	-	G	C	0.9797
G	-	G	G	0.9663
G	-	G	N	1.3308
G	-	G	U	1.3308
G	-	N	-	20.0000
G	-	N	A	1.3261
G	-	N	C	1.0940
G	-	N	G	1.5100
G	-	N	N	1.5273
G	-	N	U	1.5273
G	-	U	-	-1.5553
G	-	U	A	1.1555
G	-	U	C	1.0940
G	-	U	G	1.2166
G	-	U	N	1.5273
G	-	U	U	1.5273
G	A	-	-	-0.1435
G	A	-	A	1.5361
G	A	-	C	0.9402
G	A	-	G	1.5100
G	A	-	N	1.5361
G	A	-	U	1.4063
G	A	A	-	1.3896
G	A	A	A	0.3398
G	A	A	C	0.2691
G	A	A	G	0.4492
G	A	A	N	0.6585
G	A	A	U	0.6585
G	A	C	-	0.9680
G	A	C	A	-0.1735
G	A	C	C	0.2953
G	A	C	G	-0.0977
G	A	C	N	0.2953
G	A	C	U	-2.1421
G	A	G	-	1.5100
G	A	G	A	0.5557
G	A	G	C	0.4929
G	A	G	G	0.5410
G	A	G	N	0.5557
G	A	G	U	0.4269
G	A	N	-	1.5100
G	A	N	A	0.5557
G	A	N	C	0.4929
G	A	N	G	0.5410
G	A	N	N	0.6585
G	A	N	U	0.6585
G	A	U	-	1.0064
G	A	U	A	0.4482
G	A	U	C	0.4874
G	A	U	G	0.4861
G	A	U	N	0.4874
G	A	U	U	0.3265
G	C	-	-	-0.1855
G	C	-	A	1.5605
G	C	-	C	0.9761
G	C	-	G	0.9797
G	C	-	N	1.5605
G	C	-	U	1.2318
G	C	A	-	1.5413
G	C	A	A	0.4967
G	C	A	C	0.4127
G	C	A	G	-0.0977
G	C	A	N	0.5485
G	C	A	U	0.5485
G	C	C	-	1.0211
G	C	C	A	0.1299
G	C	C	C	0.4264
G	C	C	G	-2.8856
G	C	C	N	0.4264
G	C	C	U	0.3602
G	C	G	-	0.9797
G	C	G	A	0.7137
G	C	G	C	0.5712
G	C	G	G	-0.5602
G	C	G	N	0.8092
G	C	G	U	0.8092
G	C	N	-	1.5413
G	C	N	A	0.7137
G	C	N	C	0.5852
G	C	N	G	-0.0977
G	C	N	N	0.8092
G	C	N	U	0.8092
G	C	U	-	1.2318
G	C	U	A	0.6131
G	C	U	C	0.5852
G	C	U	G	-0.6537
G	C	U	N	0.6131
G	C	U	U	0.5826
G	G	-	-	-0.2214
G	G	-	A	1.3801
G	G	-	C	0.9566
G	G	-	G	0.9663
G	G	-	N	1.3801
G	G	-	U	1.3308
G	G	A	-	1.5028
G	G	A	A	0.4707
G	G	A	C	-0.1947
G	G	A	G	0.5410
G	G	A	N	0.5410
G	G	A	U	0.3724
G	G	C	-	0.9375
G	G	C	A	-0.1947
G	G	C	C	-2.4742
G	G	C	G	-0.5602
G	G	C	N	0.2729
G	G	C	U	0.2729
G	G	G	-	0.9663
G	G	G	A	0.6548
G	G	G	C	-0.5602
G	G	G	G	0.7646
G	G	G	N	0.7646
G	G	G	U	0.2213
G	G	N	-	1.5028
G	G	N	A	0.6548
G	G	N	C	-0.1947
G	G	N	G	0.7646
G	G	N	N	1.1008
G	G	N	U	1.1008
G	G	U	-	1.3308
G	G	U	A	0.4997
G	G	U	C	-0.4003
G	G	U	G	0.2213
G	G	U	N	1.1008
G	G	U	U	1.1008
G	N	-	-	-0.1435
G	N	-	A	1.5605
G	N	-	C	0.9761
G	N	-	G	1.5100
G	N	-	N	1.5605
G	N	-	U	1.4063
G	N	A	-	1.5413
G	N	A	A	0.8540
G	N	A	C	0.4127
G	N	A	G	0.5410
G	N	A	N	0.8540
G	N	A	U	0.6585
G	N	C	-	1.0211
G	N	C	A	0.1299
G	N	C	C	0.4264
G	N	C	G	-0.0977
G	N	C	N	0.4264
G	N	C	U	0.3602
G	N	G	-	1.5100
G	N	G	A	0.7137
G	N	G	C	0.5712
G	N	G	G	0.7646
G	N	G	N	0.8092
G	N	G	U	0.8092
G	N	N	-	1.5413
G	N	N	A	0.8540
G	N	N	C	0.5852
G	N	N	G	1.2853
G	N	N	N	1.2853
G	N	N	U	1.1008
G	N	U	-	1.3308
G	N	U	A	0.6131
G	N	U	C	0.5852
G	N	U	G	1.2853
G	N	U	N	1.2853
G	N	U	U	1.1008
G	U	-	-	-0.2504
G	U	-	A	1.4889
G	U	-	C	0.8926
G	U	-	G	1.2166
G	U	-	N	1.4889
G	U	-	U	1.2639
G	U	A	-	1.3524
G	U	A	A	0.8540
G	U	A	C	0.2911
G	U	A	G	0.4861
G	U	A	N	0.8540
G	U	A	U	0.4308
G	U	C	-	0.9424
G	U	C	A	-2.1827
G	U	C	C	0.2241
G	U	C	G	-0.6537
G	U	C	N	0.2757
G	U	C	U	0.2757
G	U	G	-	1.2166
G	U	G	A	0.4269
G	U	G	C	0.5552
G	U	G	G	0.2213
G	U	G	N	0.6454
G	U	G	U	0.6454
G	U	N	-	1.3524
G	U	N	A	0.8540
G	U	N	C	0.5552
G	U	N	G	1.2853
G	U	N	N	1.2853
G	U	N	U	0.6454
G	U	U	-	1.2639
G	U	U	A	0.0570
G	U	U	C	0.4473
G	U	U	G	1.2853
G	U	U	N	1.2853
G	U	U	U	0.4431
N	-	-	-	20.0000
N	-	-	A	20.0000
N	-	-	C	20.0000
N	-	-	G	20.0000
N	-	-	N	20.0000
N	-	-	U	20.0000
N	-	A	-	20.0000
N	-	A	A	1.3984
N	-	A	C	1.4460
N	-	A	G	1.5361
N	-	A	N	1.5361
N	-	A	U	1.3984
N	-	C	-	20.0000
N	-	C	A	1.5081
N	-	C	C	1.4886
N	-	C	G	1.5605
N	-	C	N	1.5605
N	-	C	U	1.5222
N	-	G	-	20.0000
N	-	G	A	1.4048
N	-	G	C	1.3508
N	-	G	G	1.3801
N	-	G	N	1.4063
N	-	G	U	1.4063
N	-	N	-	20.0000
N	-	N	A	1.5081
N	-	N	C	1.4886
N	-	N	G	1.5605
N	-	N	N	1.5605
N	-	N	U	1.5518
N	-	U	-	20.0000
N	-	U	A	1.4506
N	-	U	C	1.4383
N	-	U	G	1.4889
N	-	U	N	1.5518
N	-	U	U	1.5518
N	A	-	-	-0.1003
N	A	-	A	1.5361
N	A	-	C	1.3717
N	A	-	G	1.5100
N	A	-	N	1.5361
N	A	-	U	1.4233
N	A	A	-	1.3896
N	A	A	A	0.8886
N	A	A	C	0.9533
N	A	A	G	0.6585
N	A	A	N	0.9533
N	A	A	U	0.9533
N	A	C	-	1.4715
N	A	C	A	0.5124
N	A	C	C	0.3638
N	A	C	G	0.5485
N	A	C	N	1.1763
N	A	C	U	1.1763
N	A	G	-	1.5100
N	A	G	A	0.5557
N	A	G	C	0.4929
N	A	G	G	0.5410
N	A	G	N	0.8540
N	A	G	U	0.8540
N	A	N	-	1.5100
N	A	N	A	0.8886
N	A	N	C	1.0722
N	A	N	G	0.8540
N	A	N	N	1.1763
N	A	N	U	1.1763
N	A	U	-	1.4233
N	A	U	A	0.8886
N	A	U	C	1.0722
N	A	U	G	0.8540
N	A	U	N	1.0722
N	A	U	U	0.8775
N	C	-	-	-0.1116
N	C	-	A	1.5605
N	C	-	C	1.5222
N	C	-	G	1.1079
N	C	-	N	1.5605
N	C	-	U	1.4233
N	C	A	-	1.5413
N	C	A	A	1.0722
N	C	A	C	1.1763
N	C	A	G	0.2953
N	C	A	N	1.1763
N	C	A	U	0.6113
N	C	C	-	1.5237
N	C	C	A	0.6461
N	C	C	C	0.5588
N	C	C	G	0.4264
N	C	C	N	0.7065
N	C	C	U	0.7065
N	C	G	-	1.0940
N	C	G	A	0.7540
N	C	G	C	0.5941
N	C	G	G	0.2729
N	C	G	N	0.8092
N	C	G	U	0.8092
N	C	N	-	1.5413
N	C	N	A	1.0722
N	C	N	C	1.1763
N	C	N	G	0.4264
N	C	N	N	1.1763
N	C	N	U	0.8775
N	C	U	-	1.4233
N	C	U	A	0.9533
N	C	U	C	1.1763
N	C	U	G	0.2757
N	C	U	N	1.1763
N	C	U	U	0.8775
N	G	-	-	-0.1574
N	G	-	A	1.4063
N	G	-	C	1.0314
N	G	-	G	1.3308
N	G	-	N	1.4063
N	G	-	U	1.3308
N	G	A	-	1.5028
N	G	A	A	0.8540
N	G	A	C	0.1299
N	G	A	G	0.5557
N	G	A	N	0.8540
N	G	A	U	0.5473
N	G	C	-	1.0211
N	G	C	A	0.6338
N	G	C	C	0.4264
N	G	C	G	0.8092
N	G	C	N	0.8092
N	G	C	U	0.7540
N	G	G	-	1.2940
N	G	G	A	0.6548
N	G	G	C	-0.0977
N	G	G	G	0.7646
N	G	G	N	0.7646
N	G	G	U	0.4861
N	G	N	-	1.5028
N	G	N	A	0.8540
N	G	N	C	0.4264
N	G	N	G	0.8092
N	G	N	N	1.1008
N	G	N	U	1.1008
N	G	U	-	1.4063
N	G	U	A	0.6585
N	G	U	C	0.3602
N	G	U	G	0.6454
N	G	U	N	1.1008
N	G	U	U	1.1008
N	N	-	-	-0.1003
N	N	-	A	1.5605
N	N	-	C	1.5518
N	N	-	G	1.5273
N	N	-	N	1.5605
N	N	-	U	1.4233
N	N	A	-	1.5413
N	N	A	A	1.0722
N	N	A	C	1.1763
N	N	A	G	0.6585
N	N	A	N	1.1763
N	N	A	U	0.9533
N	N	C	-	1.5237
N	N	C	A	1.1763
N	N	C	C	0.5588
N	N	C	G	0.8092
N	N	C	N	1.1763
N	N	C	U	1.1763
N	N	G	-	1.5100
N	N	G	A	0.8010
N	N	G	C	0.5941
N	N	G	G	1.1008
N	N	G	N	1.1008
N	N	G	U	0.8540
N	N	N	-	1.5413
N	N	N	A	1.1763
N	N	N	C	1.1763
N	N	N	G	1.2853
N	N	N	N	1.2853
N	N	N	U	1.1763
N	N	U	-	1.4233
N	N	U	A	0.9533
N	N	U	C	1.1763
N	N	U	G	1.2853
N	N	U	N	1.2853
N	N	U	U	1.1008
N	U	-	-	-0.1806
N	U	-	A	1.5406
N	U	-	C	1.5518
N	U	-	G	1.5273
N	U	-	N	1.5518
N	U	-	U	1.3220
N	U	A	-	1.3713
N	U	A	A	1.0722
N	U	A	C	0.8775
N	U	A	G	0.4874
N	U	A	N	1.0722
N	U	A	U	0.4667
N	U	C	-	1.4506
N	U	C	A	1.1763
N	U	C	C	0.4574
N	U	C	G	0.6131
N	U	C	N	1.1763
N	U	C	U	0.5819
N	U	G	-	1.2166
N	U	G	A	0.8010
N	U	G	C	0.5826
N	U	G	G	1.1008
N	U	G	N	1.1008
N	U	G	U	0.6454
N	U	N	-	1.4506
N	U	N	A	1.1763
N	U	N	C	0.8775
N	U	N	G	1.2853
N	U	N	N	1.2853
N	U	N	U	0.6454
N	U	U	-	1.3220
N	U	U	A	0.6113
N	U	U	C	0.6113
N	U	U	G	1.2853
N	U	U	N	1.2853
N	U	U	U	0.5199
U	-	-	-	20.0000
U	-	-	A	20.0000
U	-	-	C	20.0000
U	-	-	G	20.0000
U	-	-	N	20.0000
U	-	-	U	20.0000
U	-	A	-	-0.5000
U	-	A	A	1.3984
U	-	A	C	1.4233
U	-	A	G	1.4063
U	-	A	N	1.4233
U	-	A	U	1.3220
U	-	C	-	20.0000
U	-	C	A	1.4233
U	-	C	C	1.2953
U	-	C	G	1.2318
U	-	C	N	1.4233
U	-	C	U	1.3807
U	-	G	-	-1.5553
U	-	G	A	1.0064
U	-	G	C	1.2318
U	-	G	G	1.3308
U	-	G	N	1.3308
U	-	G	U	1.2639
U	-	N	-	20.0000
U	-	N	A	1.4233
U	-	N	C	1.4233
U	-	N	G	1.4063
U	-	N	N	1.4233
U	-	N	U	1.3807
U	-	U	-	20.0000
U	-	U	A	1.3220
U	-	U	C	1.2473
U	-	U	G	1.2639
U	-	U	N	1.3220
U	-	U	U	1.2777
U	A	-	-	-0.1003
U	A	-	A	1.3984
U	A	-	C	1.3578
U	A	-	G	1.0064
U	A	-	N	1.3984
U	A	-	U	1.3220
U	A	A	-	1.3713
U	A	A	A	0.8886
U	A	A	C	0.9533
U	A	A	G	0.6585
U	A	A	N	0.9533
U	A	A	U	-1.2898
U	A	C	-	1.4715
U	A	C	A	0.5124
U	A	C	C	0.3638
U	A	C	G	0.5485
U	A	C	N	0.6113
U	A	C	U	0.6113
U	A	G	-	1.1555
U	A	G	A	0.5473
U	A	G	C	0.4800
U	A	G	G	0.3724
U	A	G	N	0.5473
U	A	G	U	-0.1419
U	A	N	-	1.4715
U	A	N	A	0.8886
U	A	N	C	0.9533
U	A	N	G	0.6585
U	A	N	N	0.9533
U	A	N	U	0.6113
U	A	U	-	1.3220
U	A	U	A	0.4065
U	A	U	C	0.2821
U	A	U	G	0.4308
U	A	U	N	0.4667
U	A	U	U	0.4667
U	C	-	-	-0.1116
U	C	-	A	1.4233
U	C	-	C	1.5222
U	C	-	G	1.1079
U	C	-	N	1.5222
U	C	-	U	1.3807
U	C	A	-	1.3682
U	C	A	A	1.0722
U	C	A	C	1.1763
U	C	A	G	-2.1421
U	C	A	N	1.1763
U	C	A	U	0.6113
U	C	C	-	1.5237
U	C	C	A	0.6461
U	C	C	C	0.5588
U	C	C	G	0.3602
U	C	C	N	0.7065
U	C	C	U	0.7065
U	C	G	-	1.0940
U	C	G	A	0.7540
U	C	G	C	0.5941
U	C	G	G	0.2729
U	C	G	N	0.7540
U	C	G	U	0.4473
U	C	N	-	1.5237
U	C	N	A	1.0722
U	C	N	C	1.1763
U	C	N	G	0.3602
U	C	N	N	1.1763
U	C	N	U	0.7065
U	C	U	-	1.3807
U	C	U	A	0.5819
U	C	U	C	0.3919
U	C	U	G	0.2757
U	C	U	N	0.5819
U	C	U	U	0.5729
U	G	-	-	-0.1574
U	G	-	A	1.4063
U	G	-	C	1.0314
U	G	-	G	1.3308
U	G	-	N	1.4063
U	G	-	U	1.2639
U	G	A	-	1.3524
U	G	A	A	0.8540
U	G	A	C	-2.4808
U	G	A	G	0.4269
U	G	A	N	0.8540
U	G	A	U	-0.1419
U	G	C	-	0.9424
U	G	C	A	0.6338
U	G	C	C	0.2241
U	G	C	G	0.8092
U	G	C	N	0.8092
U	G	C	U	0.4473
U	G	G	-	1.2166
U	G	G	A	0.4861
U	G	G	C	-1.0615
U	G	G	G	0.2213
U	G	G	N	0.4861
U	G	G	U	-0.6676
U	G	N	-	1.3524
U	G	N	A	0.8540
U	G	N	C	0.2241
U	G	N	G	0.8092
U	G	N	N	0.8540
U	G	N	U	0.4473
U	G	U	-	1.2639
U	G	U	A	0.4668
U	G	U	C	-0.1765
U	G	U	G	0.6454
U	G	U	N	0.6454
U	G	U	U	0.4431
U	N	-	-	-0.1003
U	N	-	A	1.5406
U	N	-	C	1.5518
U	N	-	G	1.5273
U	N	-	N	1.5518
U	N	-	U	1.3807
U	N	A	-	1.3713
U	N	A	A	1.0722
U	N	A	C	1.1763
U	N	A	G	0.6585
U	N	A	N	1.1763
U	N	A	U	0.6113
U	N	C	-	1.5237
U	N	C	A	0.8775
U	N	C	C	0.5588
U	N	C	G	0.8092
U	N	C	N	0.8775
U	N	C	U	0.7065
U	N	G	-	1.2166
U	N	G	A	0.8010
U	N	G	C	0.5941
U	N	G	G	1.1008
U	N	G	N	1.1008
U	N	G	U	0.4473
U	N	N	-	1.5237
U	N	N	A	1.0722
U	N	N	C	1.1763
U	N	N	G	1.1008
U	N	N	N	1.1763
U	N	N	U	0.7065
U	N	U	-	1.3807
U	N	U	A	0.5819
U	N	U	C	0.3919
U	N	U	G	0.6454
U	N	U	N	0.6454
U	N	U	U	0.5729
U	U	-	-	-0.1806
U	U	-	A	1.5406
U	U	-	C	1.5518
U	U	-	G	1.5273
U	U	-	N	1.5518
U	U	-	U	1.2777
U	U	A	-	1.2909
U	U	A	A	-1.7302
U	U	A	C	0.8775
U	U	A	G	0.3265
U	U	A	N	0.8775
U	U	A	U	0.4667
U	U	C	-	1.2672
U	U	C	A	0.8775
U	U	C	C	0.4574
U	U	C	G	0.5826
U	U	C	N	0.8775
U	U	C	U	0.5729
U	U	G	-	0.8861
U	U	G	A	0.8010
U	U	G	C	0.5826
U	U	G	G	1.1008
U	U	G	N	1.1008
U	U	G	U	0.4431
U	U	N	-	1.2909
U	U	N	A	0.8775
U	U	N	C	0.8775
U	U	N	G	1.1008
U	U	N	N	1.1008
U	U	N	U	0.5729
U	U	U	-	1.2777
U	U	U	A	0.4667
U	U	U	C	0.3178
U	U	U	G	0.4431
U	U	U	N	0.5199
U	U	U	U	0.5199
